ans,label
"-261.2336,276.96912","-274.0,280.0"
"244.62097,256.07663","263.5,280.0"
"-240.94298,8.130573","-274.0,0.0"
"-199.52205,49.523197","-274.0,0.0"
"278.61035,-2.3910487","263.5,0.0"
"184.17928,-28.172039","263.5,0.0"
"191.55672,-30.282696","263.5,0.0"
"-160.28265,-143.77635","-274.0,-317.0"
"-176.82831,-158.141","-274.0,-317.0"
"270.1644,-276.9853","263.5,-317.0"
"265.17532,-289.69992","263.5,-317.0"
