ans,label
"-87.22778,-39.44983","-274.0,280.0"
"297.73532,183.28099","263.5,280.0"
"-197.87929,-115.809875","-274.0,0.0"
"-169.43161,-98.62825","-274.0,0.0"
"302.1352,69.382095","263.5,0.0"
"245.05022,62.987137","263.5,0.0"
"264.85156,38.26863","263.5,0.0"
"-60.08167,-173.55339","-274.0,-317.0"
"-289.75375,-246.80103","-274.0,-317.0"
"257.1099,-293.15512","263.5,-317.0"
"243.53883,-326.66144","263.5,-317.0"
