ans,label
"-267.04034,287.2989","-274.0,280.0"
"249.92932,234.38219","263.5,280.0"
"-275.94653,0.14236076","-274.0,0.0"
"-182.80508,24.913418","-274.0,0.0"
"272.66635,-20.174648","263.5,0.0"
"230.5062,-30.391163","263.5,0.0"
"234.25388,-23.256985","263.5,0.0"
"-108.24796,-101.84708","-274.0,-317.0"
"-144.55212,-122.57959","-274.0,-317.0"
"264.0445,-318.88156","263.5,-317.0"
"263.342,-318.56708","263.5,-317.0"
