ans,label
"-271.91034,273.11588","-274.0,280.0"
"240.55441,244.25285","263.5,280.0"
"-269.8044,-4.82678","-274.0,0.0"
"-257.13672,53.674812","-274.0,0.0"
"269.96994,22.966476","263.5,0.0"
"248.20415,14.14187","263.5,0.0"
"234.74532,44.596073","263.5,0.0"
"-179.05612,-282.71732","-274.0,-317.0"
"-212.69756,-232.23383","-274.0,-317.0"
"271.22446,-320.9534","263.5,-317.0"
"272.02884,-320.49625","263.5,-317.0"
