ans,label
"-273.51917,281.89005","-274.0,280.0"
"273.7683,289.92795","263.5,280.0"
"-272.93054,-0.5312354","-274.0,0.0"
"-246.39874,-30.218918","-274.0,0.0"
"266.33865,-7.3310113","263.5,0.0"
"228.63594,-22.211412","263.5,0.0"
"233.26291,-4.7118173","263.5,0.0"
"-168.24971,-204.88934","-274.0,-317.0"
"-185.55742,-221.08485","-274.0,-317.0"
"255.22386,-313.33328","263.5,-317.0"
"263.5934,-319.11124","263.5,-317.0"
